Orthogroup	k_lactis_proteins	l_kluyveri_v2_proteins	l_thermotolerans_proteins	l_waltii_v3_proteins	n_castellii_proteins	s_bayanus_proteins	s_cerevisiae_proteins	s_kudriavzevii_proteins	s_mikatae_proteins	s_paradoxus_proteins	schizo_pombe_proteins
OG0005513	rna18										
OG0005514	rna33										
OG0005515	rna62										
OG0005516	rna103										
OG0005517	rna105										
OG0005518	rna144										
OG0005519	rna197										
OG0005520	rna228										
OG0005521	rna238										
OG0005522	rna245										
OG0005523	rna254										
OG0005524	rna268										
OG0005525	rna269										
OG0005526	rna281										
OG0005527	rna381										
OG0005528	rna427										
OG0005529	rna453										
OG0005530	rna460										
OG0005531	rna480										
OG0005532	rna481										
OG0005533	rna486										
OG0005534	rna522										
OG0005535	rna525										
OG0005536	rna529										
OG0005537	rna604										
OG0005538	rna627										
OG0005539	rna683										
OG0005540	rna693										
OG0005541	rna717										
OG0005542	rna755										
OG0005543	rna908										
OG0005544	rna921										
OG0005545	rna940										
OG0005546	rna964										
OG0005547	rna966										
OG0005548	rna967										
OG0005549	rna973										
OG0005550	rna983										
OG0005551	rna990										
OG0005552	rna1081										
OG0005553	rna1172										
OG0005554	rna1178										
OG0005555	rna1183										
OG0005556	rna1185										
OG0005557	rna1186										
OG0005558	rna1192										
OG0005559	rna1194										
OG0005560	rna1200										
OG0005561	rna1205										
OG0005562	rna1209										
OG0005563	rna1211										
OG0005564	rna1223										
OG0005565	rna1249										
OG0005566	rna1252										
OG0005567	rna1392										
OG0005568	rna1402										
OG0005569	rna1404										
OG0005570	rna1416										
OG0005571	rna1423										
OG0005572	rna1430										
OG0005573	rna1556										
OG0005574	rna1590										
OG0005575	rna1654										
OG0005576	rna1675										
OG0005577	rna1693										
OG0005578	rna1695										
OG0005579	rna1717										
OG0005580	rna1737										
OG0005581	rna1764										
OG0005582	rna1836										
OG0005583	rna1841										
OG0005584	rna1845										
OG0005585	rna1847										
OG0005586	rna1906										
OG0005587	rna1933										
OG0005588	rna1952										
OG0005589	rna2018										
OG0005590	rna2021										
OG0005591	rna2032										
OG0005592	rna2038										
OG0005593	rna2039										
OG0005594	rna2040										
OG0005595	rna2050										
OG0005596	rna2059										
OG0005597	rna2062										
OG0005598	rna2070										
OG0005599	rna2072										
OG0005600	rna2089										
OG0005601	rna2124										
OG0005602	rna2147										
OG0005603	rna2178										
OG0005604	rna2192										
OG0005605	rna2212										
OG0005606	rna2220										
OG0005607	rna2221										
OG0005608	rna2231										
OG0005609	rna2250										
OG0005610	rna2327										
OG0005611	rna2348										
OG0005612	rna2376										
OG0005613	rna2422										
OG0005614	rna2429										
OG0005615	rna2431										
OG0005616	rna2449										
OG0005617	rna2458										
OG0005618	rna2471										
OG0005619	rna2491										
OG0005620	rna2532										
OG0005621	rna2586										
OG0005622	rna2601										
OG0005623	rna2630										
OG0005624	rna2640										
OG0005625	rna2667										
OG0005626	rna2703										
OG0005627	rna2732										
OG0005628	rna2802										
OG0005629	rna2839										
OG0005630	rna2929										
OG0005631	rna2949										
OG0005632	rna2997										
OG0005633	rna3025										
OG0005634	rna3054										
OG0005635	rna3123										
OG0005636	rna3135										
OG0005637	rna3175										
OG0005638	rna3211										
OG0005639	rna3273										
OG0005640	rna3292										
OG0005641	rna3343										
OG0005642	rna3355										
OG0005643	rna3369										
OG0005644	rna3379										
OG0005645	rna3425										
OG0005646	rna3478										
OG0005647	rna3512										
OG0005648	rna3557										
OG0005649	rna3558										
OG0005650	rna3626										
OG0005651	rna3632										
OG0005652	rna3653										
OG0005653	rna3702										
OG0005654	rna3704										
OG0005655	rna3751										
OG0005656	rna3755										
OG0005657	rna3761										
OG0005658	rna3780										
OG0005659	rna3794										
OG0005660	rna3814										
OG0005661	rna3819										
OG0005662	rna3829										
OG0005663	rna3923										
OG0005664	rna3993										
OG0005665	rna3996										
OG0005666	rna4016										
OG0005667	rna4025										
OG0005668	rna4042										
OG0005669	rna4052										
OG0005670	rna4084										
OG0005671	rna4118										
OG0005672	rna4146										
OG0005673	rna4151										
OG0005674	rna4165										
OG0005675	rna4194										
OG0005676	rna4221										
OG0005677	rna4246										
OG0005678	rna4318										
OG0005679	rna4372										
OG0005680	rna4375										
OG0005681	rna4376										
OG0005682	rna4380										
OG0005683	rna4400										
OG0005684	rna4487										
OG0005685	rna4492										
OG0005686	rna4502										
OG0005687	rna4674										
OG0005688	rna4721										
OG0005689	rna4790										
OG0005690	rna4809										
OG0005691	rna4836										
OG0005692	rna4845										
OG0005693	rna4872										
OG0005694	rna4886										
OG0005695	rna4933										
OG0005696	rna4971										
OG0005697	rna4972										
OG0005698	rna4984										
OG0005699	rna4996										
OG0005700	rna5037										
OG0005701	rna5043										
OG0005702	rna5081										
OG0005703	rna5086										
OG0005704	rna5093										
OG0005705	rna5136										
OG0005706	rna5141										
OG0005707	rna5157										
OG0005708	rna5236										
OG0005709	rna5241										
OG0005710		SAKL-ORF15681									
OG0005711		SAKL-ORF15492									
OG0005712		SAKL-ORF15446									
OG0005713		SAKL-ORF15381									
OG0005714		SAKL-ORF15367									
OG0005715		SAKL-ORF15258									
OG0005716		SAKL-ORF15217									
OG0005717		SAKL-ORF15161									
OG0005718		SAKL-ORF15089									
OG0005719		SAKL-ORF14827									
OG0005720		SAKL-ORF14824									
OG0005721		SAKL-ORF14674									
OG0005722		SAKL-ORF14653									
OG0005723		SAKL-ORF14608									
OG0005724		SAKL-ORF14518									
OG0005725		SAKL-ORF14513									
OG0005726		SAKL-ORF14363									
OG0005727		SAKL-ORF14291									
OG0005728		SAKL-ORF14275									
OG0005729		SAKL-ORF14260									
OG0005730		SAKL-ORF14177									
OG0005731		SAKL-ORF14125									
OG0005732		SAKL-ORF14002									
OG0005733		SAKL-ORF13963									
OG0005734		SAKL-ORF13812									
OG0005735		SAKL-ORF13803									
OG0005736		SAKL-ORF13691									
OG0005737		SAKL-ORF13427									
OG0005738		Sakl0B.mRNA.il.288.p									
OG0005739		SAKL-ORF13402									
OG0005740		SAKL-ORF13346									
OG0005741		SAKL-ORF13319									
OG0005742		SAKL-ORF13263									
OG0005743		SAKL-ORF13251									
OG0005744		SAKL-ORF13223									
OG0005745		SAKL-ORF13214									
OG0005746		SAKL-ORF13204									
OG0005747		SAKL-ORF13194									
OG0005748		SAKL-ORF13174									
OG0005749		SAKL-ORF13148									
OG0005750		SAKL-ORF13095									
OG0005751		SAKL-ORF13019									
OG0005752		SAKL-ORF12932									
OG0005753		SAKL-ORF12774									
OG0005754		SAKL-ORF12749									
OG0005755		SAKL-ORF12622									
OG0005756		SAKL-ORF12455									
OG0005757		SAKL-ORF12387									
OG0005758		SAKL-ORF11955									
OG0005759		SAKL-ORF11373									
OG0005760		SAKL-ORF11299									
OG0005761		SAKL-ORF11298									
OG0005762		SAKL-ORF11285									
OG0005763		SAKL-ORF11079									
OG0005764		SAKL-ORF10980									
OG0005765		SAKL-ORF10579									
OG0005766		SAKL-ORF10248									
OG0005767		SAKL-ORF10079									
OG0005768		SAKL-ORF9912									
OG0005769		SAKL-ORF9862									
OG0005770		SAKL-ORF9861									
OG0005771		SAKL-ORF9832									
OG0005772		SAKL-ORF9791									
OG0005773		SAKL-ORF9764									
OG0005774		SAKL-ORF9763									
OG0005775		SAKL-ORF9686									
OG0005776		SAKL-ORF9664									
OG0005777		SAKL-ORF9610									
OG0005778		SAKL-ORF9567									
OG0005779		SAKL-ORF9531									
OG0005780		SAKL-ORF9480									
OG0005781		SAKL-ORF9389									
OG0005782		SAKL-ORF9337									
OG0005783		SAKL-ORF9260									
OG0005784		SAKL-ORF9109									
OG0005785		SAKL-ORF8945									
OG0005786		SAKL-ORF8838									
OG0005787		SAKL-ORF8789									
OG0005788		SAKL-ORF8686									
OG0005789		SAKL-ORF8616									
OG0005790		SAKL-ORF8609									
OG0005791		SAKL-ORF8235									
OG0005792		SAKL-ORF8233									
OG0005793		SAKL-ORF8067									
OG0005794		SAKL-ORF8066									
OG0005795		SAKL-ORF8008									
OG0005796		SAKL-ORF7795									
OG0005797		SAKL-ORF7567									
OG0005798		Mod_transcript_44									
OG0005799		SAKL-ORF7453									
OG0005800		SAKL-ORF7373									
OG0005801		SAKL-ORF7100									
OG0005802		SAKL-ORF6747									
OG0005803		SAKL-ORF6614									
OG0005804		SAKL-ORF6598									
OG0005805		SAKL-ORF6569									
OG0005806		SAKL-ORF6567									
OG0005807		SAKL-ORF6461									
OG0005808		SAKL-ORF6442									
OG0005809		SAKL-ORF6365									
OG0005810		SAKL-ORF6322									
OG0005811		SAKL-ORF6321									
OG0005812		SAKL-ORF6247									
OG0005813		SAKL-ORF6134									
OG0005814		SAKL-ORF6087									
OG0005815		SAKL-ORF6048									
OG0005816		SAKL-ORF6030									
OG0005817		SAKL-ORF5517									
OG0005818		SAKL-ORF5462									
OG0005819		SAKL-ORF5405									
OG0005820		SAKL-ORF5399									
OG0005821		SAKL-ORF5318									
OG0005822		SAKL-ORF5307									
OG0005823		SAKL-ORF5294									
OG0005824		SAKL-ORF5289									
OG0005825		SAKL-ORF5264									
OG0005826		SAKL-ORF4957									
OG0005827		SAKL-ORF4953									
OG0005828		SAKL-ORF4950									
OG0005829		SAKL-ORF4680									
OG0005830		SAKL-ORF4671									
OG0005831		SAKL-ORF4644									
OG0005832		SAKL-ORF4104									
OG0005833		SAKL-ORF3969									
OG0005834		SAKL-ORF3901									
OG0005835		SAKL-ORF3743									
OG0005836		SAKL-ORF3720									
OG0005837		SAKL-ORF3604									
OG0005838		SAKL-ORF3462									
OG0005839		SAKL-ORF3311									
OG0005840		Mod_transcript_71									
OG0005841		SAKL-ORF3222									
OG0005842		SAKL-ORF2916									
OG0005843		SAKL-ORF2869									
OG0005844		SAKL-ORF2819									
OG0005845		SAKL-ORF2667									
OG0005846		SAKL-ORF2656									
OG0005847		SAKL-ORF2558									
OG0005848		SAKL-ORF2336									
OG0005849		SAKL-ORF2259									
OG0005850		SAKL-ORF1622									
OG0005851		SAKL-ORF1474									
OG0005852		SAKL-ORF1367									
OG0005853		SAKL-ORF1119									
OG0005854		SAKL-ORF919									
OG0005855		SAKL-ORF543									
OG0005856		SAKL-ORF489									
OG0005857		SAKL-ORF419									
OG0005858		SAKL-ORF314									
OG0005859		SAKL-ORF245									
OG0005860			rna1								
OG0005861			rna44								
OG0005862			rna63								
OG0005863			rna405								
OG0005864			rna446								
OG0005865			rna454								
OG0005866			rna516								
OG0005867			rna591								
OG0005868			rna674								
OG0005869			rna807								
OG0005870			rna818								
OG0005871			rna871								
OG0005872			rna1014								
OG0005873			rna1058								
OG0005874			rna1082								
OG0005875			rna1108								
OG0005876			rna1113								
OG0005877			rna1142								
OG0005878			rna1143								
OG0005879			rna1230								
OG0005880			rna1231								
OG0005881			rna1266								
OG0005882			rna1393								
OG0005883			rna1493								
OG0005884			rna1570								
OG0005885			rna1781								
OG0005886			rna1879								
OG0005887			rna1929								
OG0005888			rna2063								
OG0005889			rna2069								
OG0005890			rna2079								
OG0005891			rna2123								
OG0005892			rna2163								
OG0005893			rna2522								
OG0005894			rna2525								
OG0005895			rna2544								
OG0005896			rna2547								
OG0005897			rna2570								
OG0005898			rna2577								
OG0005899			rna2586								
OG0005900			rna2651								
OG0005901			rna2755								
OG0005902			rna2942								
OG0005903			rna2949								
OG0005904			rna3038								
OG0005905			rna3053								
OG0005906			rna3089								
OG0005907			rna3090								
OG0005908			rna3234								
OG0005909			rna3458								
OG0005910			rna3533								
OG0005911			rna3560								
OG0005912			rna3563								
OG0005913			rna3580								
OG0005914			rna3586								
OG0005915			rna3663								
OG0005916			rna3824								
OG0005917			rna3884								
OG0005918			rna3888								
OG0005919			rna4020								
OG0005920			rna4084								
OG0005921			rna4263								
OG0005922			rna4448								
OG0005923			rna4467								
OG0005924			rna4516								
OG0005925			rna4521								
OG0005926			rna4588								
OG0005927			rna4635								
OG0005928			rna4644								
OG0005929			rna4672								
OG0005930			rna4684								
OG0005931			rna4896								
OG0005932			rna5048								
OG0005933			rna5149								
OG0005934			rna5168								
OG0005935			rna5337								
OG0005936			rna5349								
OG0005937				Kwal_10.636							
OG0005938				Kwal_11.648							
OG0005939				Kwal_11.661							
OG0005940				Kwal_14.739							
OG0005941				Kwal_14.872							
OG0005942				Kwal_14.1197							
OG0005943				Kwal_14.1201							
OG0005944				Kwal_14.1912							
OG0005945				Kwal_14.2167							
OG0005946				Kwal_14.2276							
OG0005947				Kwal_18.2702							
OG0005948				Kwal_18.2703							
OG0005949				Kwal_23.3059							
OG0005950				Kwal_23.3144							
OG0005951				Kwal_23.3667							
OG0005952				Kwal_23.4020							
OG0005953				Kwal_23.4025							
OG0005954				Kwal_23.4554							
OG0005955				Kwal_23.4811							
OG0005956				Kwal_23.5221							
OG0005957				Kwal_23.5310							
OG0005958				Kwal_YGOB_YER053C-A							
OG0005959				Kwal_23.6269							
OG0005960				Kwal_24.6618							
OG0005961				Kwal_26.6836							
OG0005962				Kwal_YGOB_kthe1650							
OG0005963				Kwal_26.7490							
OG0005964				Kwal_26.8543							
OG0005965				Kwal_26.9067							
OG0005966				Kwal_26.9238							
OG0005967				Kwal_27.9650							
OG0005968				Kwal_27.10460							
OG0005969				Kwal_27.11085							
OG0005970				Kwal_27.11908							
OG0005971				Kwal_27.12303							
OG0005972				Kwal_YGOB_DDR2							
OG0005973				Kwal_27.12794							
OG0005974				Kwal_YGOB_YDR524C-B							
OG0005975				Kwal_33.14124							
OG0005976				Kwal_33.14237							
OG0005977				Kwal_33.14692							
OG0005978				Kwal_33.14908							
OG0005979				Kwal_YGOB_Anc_5.173							
OG0005980				Kwal_33.15623							
OG0005981				Kwal_34.15702							
OG0005982				Kwal_34.16165							
OG0005983				Kwal_41.16468							
OG0005984				Kwal_41.16469							
OG0005985				Kwal_46.16521							
OG0005986				Kwal_46.16540							
OG0005987				Kwal_46.16543							
OG0005988				Kwal_46.16544							
OG0005989				Kwal_YGOB_YHR199C-A							
OG0005990				Kwal_47.16785							
OG0005991				Kwal_47.16808							
OG0005992				Kwal_47.16842							
OG0005993				Kwal_47.17519							
OG0005994				Kwal_47.17686							
OG0005995				Kwal_47.17740							
OG0005996				Kwal_47.17840							
OG0005997				Kwal_47.18703							
OG0005998				Kwal_47.19139							
OG0005999				Kwal_47.19302							
OG0006000				Kwal_55.19536							
OG0006001				Kwal_55.19843							
OG0006002				Kwal_55.20332							
OG0006003				Kwal_55.20681							
OG0006004				Kwal_YGOB_YGL194C-A							
OG0006005				Kwal_YGOB_Anc_7.141							
OG0006006				Kwal_55.21067							
OG0006007				Kwal_55.21181							
OG0006008				Kwal_55.21194							
OG0006009				Kwal_55.22219							
OG0006010				Kwal_55.22255							
OG0006011				Kwal_56.22373							
OG0006012				Kwal_56.23964							
OG0006013				Kwal_56.24196							
OG0006014				Kwal_YGOB_Anc_7.299							
OG0006015				Kwal_56.24447							
OG0006016				Kwal_56.24665							
OG0006017				Kwal_6.499							
OG0006018				Kwal_6.502							
OG0006019				Kwal_6.503							
OG0006020				Kwal_6.516							
OG0006021				Kwal_8.570							
OG0006022				Kwal_8.576							
OG0006023					rna16						
OG0006024					rna31						
OG0006025					rna39						
OG0006026					rna82						
OG0006027					rna99						
OG0006028					rna104						
OG0006029					rna205						
OG0006030					rna212						
OG0006031					rna274						
OG0006032					rna284						
OG0006033					rna300						
OG0006034					rna344						
OG0006035					rna405						
OG0006036					rna551						
OG0006037					rna560						
OG0006038					rna579						
OG0006039					rna584						
OG0006040					rna616						
OG0006041					rna618						
OG0006042					rna631						
OG0006043					rna663						
OG0006044					rna719						
OG0006045					rna731						
OG0006046					rna811						
OG0006047					rna877						
OG0006048					rna912						
OG0006049					rna916						
OG0006050					rna943						
OG0006051					rna998						
OG0006052					rna1036						
OG0006053					rna1073						
OG0006054					rna1107						
OG0006055					rna1161						
OG0006056					rna1171						
OG0006057					rna1175						
OG0006058					rna1355						
OG0006059					rna1370						
OG0006060					rna1433						
OG0006061					rna1449						
OG0006062					rna1487						
OG0006063					rna1499						
OG0006064					rna1626						
OG0006065					rna1627						
OG0006066					rna1630						
OG0006067					rna1637						
OG0006068					rna1658						
OG0006069					rna1676						
OG0006070					rna1691						
OG0006071					rna1723						
OG0006072					rna1727						
OG0006073					rna1749						
OG0006074					rna1771						
OG0006075					rna1773						
OG0006076					rna1788						
OG0006077					rna1789						
OG0006078					rna1798						
OG0006079					rna1924						
OG0006080					rna1925						
OG0006081					rna1940						
OG0006082					rna1943						
OG0006083					rna1945						
OG0006084					rna1974						
OG0006085					rna1975						
OG0006086					rna2041						
OG0006087					rna2058						
OG0006088					rna2060						
OG0006089					rna2113						
OG0006090					rna2137						
OG0006091					rna2155						
OG0006092					rna2182						
OG0006093					rna2197						
OG0006094					rna2306						
OG0006095					rna2329						
OG0006096					rna2333						
OG0006097					rna2401						
OG0006098					rna2584						
OG0006099					rna2598						
OG0006100					rna2620						
OG0006101					rna2632						
OG0006102					rna2662						
OG0006103					rna2685						
OG0006104					rna2695						
OG0006105					rna2737						
OG0006106					rna2739						
OG0006107					rna2782						
OG0006108					rna2789						
OG0006109					rna2794						
OG0006110					rna2847						
OG0006111					rna2958						
OG0006112					rna2978						
OG0006113					rna3034						
OG0006114					rna3054						
OG0006115					rna3062						
OG0006116					rna3076						
OG0006117					rna3112						
OG0006118					rna3171						
OG0006119					rna3176						
OG0006120					rna3183						
OG0006121					rna3213						
OG0006122					rna3248						
OG0006123					rna3265						
OG0006124					rna3272						
OG0006125					rna3291						
OG0006126					rna3294						
OG0006127					rna3299						
OG0006128					rna3309						
OG0006129					rna3341						
OG0006130					rna3444						
OG0006131					rna3468						
OG0006132					rna3494						
OG0006133					rna3518						
OG0006134					rna3535						
OG0006135					rna3557						
OG0006136					rna3565						
OG0006137					rna3566						
OG0006138					rna3690						
OG0006139					rna3758						
OG0006140					rna3777						
OG0006141					rna3812						
OG0006142					rna3848						
OG0006143					rna3856						
OG0006144					rna3877						
OG0006145					rna3878						
OG0006146					rna3907						
OG0006147					rna3940						
OG0006148					rna3946						
OG0006149					rna3963						
OG0006150					rna4000						
OG0006151					rna4015						
OG0006152					rna4034						
OG0006153					rna4037						
OG0006154					rna4057						
OG0006155					rna4067						
OG0006156					rna4068						
OG0006157					rna4080						
OG0006158					rna4197						
OG0006159					rna4215						
OG0006160					rna4227						
OG0006161					rna4339						
OG0006162					rna4369						
OG0006163					rna4371						
OG0006164					rna4379						
OG0006165					rna4389						
OG0006166					rna4430						
OG0006167					rna4453						
OG0006168					rna4464						
OG0006169					rna4507						
OG0006170					rna4513						
OG0006171					rna4518						
OG0006172					rna4537						
OG0006173					rna4554						
OG0006174					rna4582						
OG0006175					rna4586						
OG0006176					rna4596						
OG0006177					rna4675						
OG0006178					rna4685						
OG0006179					rna4722						
OG0006180					rna4734						
OG0006181					rna4741						
OG0006182					rna4777						
OG0006183					rna4788						
OG0006184					rna4797						
OG0006185					rna4834						
OG0006186					rna4843						
OG0006187					rna4852						
OG0006188					rna4878						
OG0006189					rna4900						
OG0006190					rna4930						
OG0006191					rna4943						
OG0006192					rna5041						
OG0006193					rna5058						
OG0006194					rna5078						
OG0006195					rna5156						
OG0006196					rna5186						
OG0006197					rna5254						
OG0006198					rna5255						
OG0006199					rna5263						
OG0006200					rna5308						
OG0006201					rna5314						
OG0006202					rna5340						
OG0006203					rna5359						
OG0006204					rna5364						
OG0006205					rna5365						
OG0006206					rna5415						
OG0006207					rna5458						
OG0006208					rna5468						
OG0006209					rna5471						
OG0006210					rna5478						
OG0006211					rna5484						
OG0006212					rna5552						
OG0006213					rna5561						
OG0006214					rna5621						
OG0006215					rna5629						
OG0006216					rna5634						
OG0006217					rna5638						
OG0006218					rna5640						
OG0006219					rna5641						
OG0006220					rna5646						
OG0006221					rna5648						
OG0006222					rna5667						
OG0006223					rna5675						
OG0006224					rna5678						
OG0006225					rna5688						
OG0006226					rna5708						
OG0006227					rna5718						
OG0006228					rna5724						
OG0006229					rna5741						
OG0006230					rna5756						
OG0006231					rna5777						
OG0006232					rna5841						
OG0006233						Sbay_1.63					
OG0006234						Sbay_1.64					
OG0006235						Sbay_1.66					
OG0006236						Sbay_1.80					
OG0006237						Sbay_1.85					
OG0006238						Sbay_10.16					
OG0006239						Sbay_10.115					
OG0006240						Sbay_10.217					
OG0006241						Sbay_10.240					
OG0006242						Sbay_10.450					
OG0006243						Sbay_10.493					
OG0006244						Sbay_11.1					
OG0006245						Sbay_11.22					
OG0006246						Sbay_11.122					
OG0006247						Sbay_11.163					
OG0006248						Sbay_11.265					
OG0006249						Sbay_11.271					
OG0006250						Sbay_12.1					
OG0006251						Sbay_12.54					
OG0006252						Sbay_12.102					
OG0006253						Sbay_12.156					
OG0006254						Sbay_12.161					
OG0006255						Sbay_13.30					
OG0006256						Sbay_13.171					
OG0006257						Sbay_13.456					
OG0006258						Sbay_13.493					
OG0006259						Sbay_13.510					
OG0006260						Sbay_14.40					
OG0006261						Sbay_14.373					
OG0006262						Sbay_15.161					
OG0006263						Sbay_15.170					
OG0006264						Sbay_15.289					
OG0006265						Sbay_15.312					
OG0006266						Sbay_15.428					
OG0006267						Sbay_16.103					
OG0006268						Sbay_16.174					
OG0006269						Sbay_16.203					
OG0006270						Sbay_16.251					
OG0006271						Sbay_16.381					
OG0006272						Sbay_17.5					
OG0006273						Sbay_2.73					
OG0006274						Sbay_2.106					
OG0006275						Sbay_2.143					
OG0006276						Sbay_2.145					
OG0006277						Sbay_2.192					
OG0006278						Sbay_2.205					
OG0006279						Sbay_2.236					
OG0006280						Sbay_2.375					
OG0006281						Sbay_2.574					
OG0006282						Sbay_2.690					
OG0006283						Sbay_2.727					
OG0006284						Sbay_2.729					
OG0006285						Sbay_2.741					
OG0006286						Sbay_3.36					
OG0006287						Sbay_3.80					
OG0006288						Sbay_3.128					
OG0006289						Sbay_3.164					
OG0006290						Sbay_4.159					
OG0006291						Sbay_4.183					
OG0006292						Sbay_4.204					
OG0006293						Sbay_4.290					
OG0006294						Sbay_4.315					
OG0006295						Sbay_4.417					
OG0006296						Sbay_4.444					
OG0006297						Sbay_5.168					
OG0006298						Sbay_5.203					
OG0006299						Sbay_6.45					
OG0006300						Sbay_6.117					
OG0006301						Sbay_6.253					
OG0006302						Sbay_6.256					
OG0006303						Sbay_6.267					
OG0006304						Sbay_6.293					
OG0006305						Sbay_7.101					
OG0006306						Sbay_7.196					
OG0006307						Sbay_7.534					
OG0006308						Sbay_7.584					
OG0006309						Sbay_8.7					
OG0006310						Sbay_8.83					
OG0006311						Sbay_8.85					
OG0006312						Sbay_8.160					
OG0006313						Sbay_8.330					
OG0006314						Sbay_8.383					
OG0006315						Sbay_9.147					
OG0006316						Sbay_9.171					
OG0006317						Sbay_9.232					
OG0006318							rna6				
OG0006319							rna7				
OG0006320							rna31				
OG0006321							rna83				
OG0006322							rna93				
OG0006323							rna99				
OG0006324							rna113				
OG0006325							rna142				
OG0006326							rna166				
OG0006327							rna205				
OG0006328							rna294				
OG0006329							rna315				
OG0006330							rna348				
OG0006331							rna402				
OG0006332							rna416				
OG0006333							rna417				
OG0006334							rna422				
OG0006335							rna424				
OG0006336							rna445				
OG0006337							rna519				
OG0006338							rna522				
OG0006339							rna537				
OG0006340							rna543				
OG0006341							rna624				
OG0006342							rna652				
OG0006343							rna691				
OG0006344							rna704				
OG0006345							rna788				
OG0006346							rna929				
OG0006347							rna932				
OG0006348							rna944				
OG0006349							rna976				
OG0006350							rna1061				
OG0006351							rna1112				
OG0006352							rna1140				
OG0006353							rna1192				
OG0006354							rna1453				
OG0006355							rna1473				
OG0006356							rna1502				
OG0006357							rna1537				
OG0006358							rna1539				
OG0006359							rna1593				
OG0006360							rna1620				
OG0006361							rna1671				
OG0006362							rna1782				
OG0006363							rna1794				
OG0006364							rna1801				
OG0006365							rna1824				
OG0006366							rna1855				
OG0006367							rna1857				
OG0006368							rna1918				
OG0006369							rna1939				
OG0006370							rna1969				
OG0006371							rna2019				
OG0006372							rna2038				
OG0006373							rna2162				
OG0006374							rna2197				
OG0006375							rna2198				
OG0006376							rna2221				
OG0006377							rna2239				
OG0006378							rna2244				
OG0006379							rna2260				
OG0006380							rna2333				
OG0006381							rna2361				
OG0006382							rna2376				
OG0006383							rna2397				
OG0006384							rna2428				
OG0006385							rna2465				
OG0006386							rna2518				
OG0006387							rna2550				
OG0006388							rna2578				
OG0006389							rna2598				
OG0006390							rna2628				
OG0006391							rna2670				
OG0006392							rna2758				
OG0006393							rna2761				
OG0006394							rna2787				
OG0006395							rna2802				
OG0006396							rna2807				
OG0006397							rna2808				
OG0006398							rna2823				
OG0006399							rna2825				
OG0006400							rna2854				
OG0006401							rna2886				
OG0006402							rna2937				
OG0006403							rna2945				
OG0006404							rna3014				
OG0006405							rna3020				
OG0006406							rna3120				
OG0006407							rna3143				
OG0006408							rna3151				
OG0006409							rna3182				
OG0006410							rna3183				
OG0006411							rna3184				
OG0006412							rna3239				
OG0006413							rna3345				
OG0006414							rna3387				
OG0006415							rna3414				
OG0006416							rna3420				
OG0006417							rna3471				
OG0006418							rna3543				
OG0006419							rna3552				
OG0006420							rna3587				
OG0006421							rna3609				
OG0006422							rna3761				
OG0006423							rna3765				
OG0006424							rna3821				
OG0006425							rna4022				
OG0006426							rna4023				
OG0006427							rna4117				
OG0006428							rna4122				
OG0006429							rna4141				
OG0006430							rna4200				
OG0006431							rna4216				
OG0006432							rna4264				
OG0006433							rna4273				
OG0006434							rna4276				
OG0006435							rna4359				
OG0006436							rna4402				
OG0006437							rna4409				
OG0006438							rna4458				
OG0006439							rna4468				
OG0006440							rna4508				
OG0006441							rna4563				
OG0006442							rna4585				
OG0006443							rna4658				
OG0006444							rna4660				
OG0006445							rna4668				
OG0006446							rna4721				
OG0006447							rna4735				
OG0006448							rna4743				
OG0006449							rna4768				
OG0006450							rna4813				
OG0006451							rna4815				
OG0006452							rna4819				
OG0006453							rna4857				
OG0006454							rna4884				
OG0006455							rna4892				
OG0006456							rna5005				
OG0006457							rna5009				
OG0006458							rna5025				
OG0006459							rna5054				
OG0006460							rna5085				
OG0006461							rna5112				
OG0006462							rna5243				
OG0006463							rna5246				
OG0006464							rna5248				
OG0006465							rna5253				
OG0006466							rna5296				
OG0006467							rna5311				
OG0006468							rna5364				
OG0006469							rna5372				
OG0006470							rna5394				
OG0006471							rna5425				
OG0006472							rna5430				
OG0006473							rna5448				
OG0006474							rna5451				
OG0006475							rna5485				
OG0006476							rna5577				
OG0006477							rna5709				
OG0006478							rna5732				
OG0006479							rna5788				
OG0006480							rna5793				
OG0006481							rna5806				
OG0006482							rna5940				
OG0006483							rna5973				
OG0006484							rna6036				
OG0006485							rna6053				
OG0006486							rna6181				
OG0006487							rna6193				
OG0006488							rna6253				
OG0006489								Skud_10.56			
OG0006490								Skud_10.210			
OG0006491								Skud_10.377			
OG0006492								Skud_11.24			
OG0006493								Skud_11.107			
OG0006494								Skud_11.130			
OG0006495								Skud_11.330			
OG0006496								Skud_12.242			
OG0006497								Skud_12.269			
OG0006498								Skud_13.48			
OG0006499								Skud_13.341			
OG0006500								Skud_13.464			
OG0006501								Skud_13.491			
OG0006502								Skud_14.38			
OG0006503								Skud_14.262			
OG0006504								Skud_15.43			
OG0006505								Skud_15.371			
OG0006506								Skud_15.516			
OG0006507								Skud_16.15			
OG0006508								Skud_16.403			
OG0006509								Skud_17.3			
OG0006510								Skud_19.4			
OG0006511								Skud_2.201			
OG0006512								Skud_2.241			
OG0006513								Skud_3.159			
OG0006514								Skud_31.4			
OG0006515								Skud_4.27			
OG0006516								Skud_4.49			
OG0006517								Skud_4.61			
OG0006518								Skud_4.103			
OG0006519								Skud_4.149			
OG0006520								Skud_4.185			
OG0006521								Skud_4.289			
OG0006522								Skud_4.373			
OG0006523								Skud_4.678			
OG0006524								Skud_4.815			
OG0006525								Skud_5.23			
OG0006526								Skud_5.184			
OG0006527								Skud_5.235			
OG0006528								Skud_6.49			
OG0006529								Skud_6.57			
OG0006530								Skud_63.1			
OG0006531								Skud_7.1			
OG0006532								Skud_7.125			
OG0006533								Skud_7.256			
OG0006534								Skud_7.341			
OG0006535								Skud_7.637			
OG0006536								Skud_79.1			
OG0006537								Skud_9.142			
OG0006538								Skud_9.160			
OG0006539								Skud_9.197			
OG0006540									Smik_10.2		
OG0006541									Smik_10.15		
OG0006542									Smik_10.220		
OG0006543									Smik_10.221		
OG0006544									Smik_10.229		
OG0006545									Smik_10.440		
OG0006546									Smik_11.120		
OG0006547									Smik_11.369		
OG0006548									Smik_12.358		
OG0006549									Smik_13.57		
OG0006550									Smik_14.8		
OG0006551									Smik_14.32		
OG0006552									Smik_15.43		
OG0006553									Smik_15.99		
OG0006554									Smik_15.207		
OG0006555									Smik_16.279		
OG0006556									Smik_17.2		
OG0006557									Smik_2.51		
OG0006558									Smik_20.3		
OG0006559									Smik_23.6		
OG0006560									Smik_26.1		
OG0006561									Smik_26.2		
OG0006562									Smik_26.3		
OG0006563									Smik_3.25		
OG0006564									Smik_3.39		
OG0006565									Smik_3.206		
OG0006566									Smik_4.199		
OG0006567									Smik_4.200		
OG0006568									Smik_4.273		
OG0006569									Smik_4.539		
OG0006570									Smik_4.640		
OG0006571									Smik_5.59		
OG0006572									Smik_5.73		
OG0006573									Smik_5.238		
OG0006574									Smik_5.286		
OG0006575									Smik_6.463		
OG0006576									Smik_7.266		
OG0006577									Smik_8.85		
OG0006578									Smik_9.31		
OG0006579									Smik_9.68		
OG0006580										Spar_1.8	
OG0006581										Spar_1.55	
OG0006582										Spar_10.213	
OG0006583										Spar_10.450	
OG0006584										Spar_11.38	
OG0006585										Spar_12.202	
OG0006586										Spar_12.487	
OG0006587										Spar_13.7	
OG0006588										Spar_13.406	
OG0006589										Spar_14.34	
OG0006590										Spar_15.61	
OG0006591										Spar_15.557	
OG0006592										Spar_16.6	
OG0006593										Spar_16.73	
OG0006594										Spar_16.254	
OG0006595										Spar_16.517	
OG0006596										Spar_16.534	
OG0006597										Spar_2.284	
OG0006598										Spar_2.383	
OG0006599										Spar_3.2	
OG0006600										Spar_3.46	
OG0006601										Spar_4.242	
OG0006602										Spar_4.330	
OG0006603										Spar_4.338	
OG0006604										Spar_4.507	
OG0006605										Spar_4.547	
OG0006606										Spar_4.571	
OG0006607										Spar_4.648	
OG0006608										Spar_4.908	
OG0006609										Spar_5.25	
OG0006610										Spar_5.51	
OG0006611										Spar_5.215	
OG0006612										Spar_5.252	
OG0006613										Spar_6.39	
OG0006614										Spar_6.116	
OG0006615										Spar_7.129	
OG0006616										Spar_7.528	
OG0006617										Spar_7.609	
OG0006618										Spar_8.68	
OG0006619										Spar_8.222	
OG0006620										Spar_8.279	
OG0006621										Spar_9.4	
OG0006622										Spar_9.34	
OG0006623										Spar_9.79	
OG0006624										Spar_9.124	
OG0006625										Spar_9.248	
OG0006626											gene6973
OG0006627											gene6979
OG0006628											rna5661
OG0006629											rna5662
OG0006630											rna5669
OG0006631											rna5671
OG0006632											rna5673
OG0006633											rna5703
OG0006634											rna5711
OG0006635											rna5714
OG0006636											rna5738
OG0006637											rna5739
OG0006638											rna5748
OG0006639											rna5755
OG0006640											rna5756
OG0006641											rna5757
OG0006642											rna5761
OG0006643											rna5764
OG0006644											rna5765
OG0006645											rna5779
OG0006646											rna5783
OG0006647											rna5790
OG0006648											rna5793
OG0006649											rna5794
OG0006650											rna5802
OG0006651											rna5804
OG0006652											rna5812
OG0006653											rna5819
OG0006654											rna5821
OG0006655											rna5828
OG0006656											rna5835
OG0006657											rna5839
OG0006658											rna5838
OG0006659											rna5842
OG0006660											rna5846
OG0006661											rna5856
OG0006662											rna5859
OG0006663											rna5862
OG0006664											rna5867
OG0006665											rna5868
OG0006666											rna5873
OG0006667											rna5874
OG0006668											rna5876
OG0006669											rna5901
OG0006670											rna5902
OG0006671											rna5905
OG0006672											rna5907
OG0006673											rna5914
OG0006674											rna5922
OG0006675											rna5925
OG0006676											rna5928
OG0006677											rna5929
OG0006678											rna5932
OG0006679											rna5935
OG0006680											rna5936
OG0006681											rna5959
OG0006682											rna5968
OG0006683											rna5971
OG0006684											rna5979
OG0006685											rna5983
OG0006686											rna5986
OG0006687											rna5987
OG0006688											rna5989
OG0006689											rna5990
OG0006690											rna5991
OG0006691											rna5992
OG0006692											rna6005
OG0006693											rna6006
OG0006694											rna6011
OG0006695											rna6023
OG0006696											rna6030
OG0006697											rna6031
OG0006698											rna6032
OG0006699											rna6039
OG0006700											rna6050
OG0006701											rna6052
OG0006702											rna6053
OG0006703											rna6055
OG0006704											rna6061
OG0006705											rna6064
OG0006706											rna6068
OG0006707											rna6069
OG0006708											rna6071
OG0006709											rna6084
OG0006710											rna6087
OG0006711											rna6093
OG0006712											rna6101
OG0006713											rna6107
OG0006714											rna6108
OG0006715											rna6110
OG0006716											rna6116
OG0006717											rna6119
OG0006718											rna6125
OG0006719											rna6127
OG0006720											rna6128
OG0006721											rna6137
OG0006722											rna6139
OG0006723											rna6140
OG0006724											rna6144
OG0006725											rna6149
OG0006726											rna6155
OG0006727											rna6159
OG0006728											rna6164
OG0006729											rna6167
OG0006730											rna6170
OG0006731											rna6173
OG0006732											rna6175
OG0006733											rna6177
OG0006734											rna6180
OG0006735											rna6182
OG0006736											rna6183
OG0006737											rna6186
OG0006738											rna6189
OG0006739											rna6225
OG0006740											rna6228
OG0006741											rna6230
OG0006742											rna6232
OG0006743											rna6235
OG0006744											rna6250
OG0006745											rna6256
OG0006746											rna6261
OG0006747											rna6275
OG0006748											rna6280
OG0006749											rna6284
OG0006750											rna6285
OG0006751											rna6290
OG0006752											rna6294
OG0006753											rna6296
OG0006754											rna6298
OG0006755											rna6303
OG0006756											rna6317
OG0006757											rna6321
OG0006758											rna6335
OG0006759											rna6341
OG0006760											rna6342
OG0006761											rna6343
OG0006762											rna6347
OG0006763											rna6357
OG0006764											rna6358
OG0006765											rna6362
OG0006766											rna6368
OG0006767											rna6375
OG0006768											rna6392
OG0006769											rna6398
OG0006770											rna6405
OG0006771											rna6407
OG0006772											rna6412
OG0006773											rna6415
OG0006774											rna6418
OG0006775											rna6422
OG0006776											rna6438
OG0006777											rna6433
OG0006778											rna6439
OG0006779											rna6441
OG0006780											rna6452
OG0006781											rna6454
OG0006782											rna6458
OG0006783											rna6467
OG0006784											rna6473
OG0006785											rna6474
OG0006786											rna6475
OG0006787											rna6481
OG0006788											rna6483
OG0006789											rna6485
OG0006790											rna6494
OG0006791											rna6495
OG0006792											rna6497
OG0006793											rna6498
OG0006794											rna6501
OG0006795											rna6503
OG0006796											rna6504
OG0006797											rna6508
OG0006798											rna6510
OG0006799											rna6517
OG0006800											rna6521
OG0006801											rna6523
OG0006802											rna6526
OG0006803											rna6528
OG0006804											rna6529
OG0006805											rna6530
OG0006806											rna6531
OG0006807											rna6535
OG0006808											rna6539
OG0006809											rna6545
OG0006810											rna6564
OG0006811											rna6578
OG0006812											rna6615
OG0006813											rna6622
OG0006814											rna6634
OG0006815											rna6635
OG0006816											rna6636
OG0006817											rna6638
OG0006818											rna6643
OG0006819											rna6646
OG0006820											rna6648
OG0006821											rna6650
OG0006822											rna6662
OG0006823											rna6668
OG0006824											rna6681
OG0006825											rna6683
OG0006826											rna6689
OG0006827											rna6691
OG0006828											rna6696
OG0006829											rna6706
OG0006830											rna6707
OG0006831											rna6711
OG0006832											rna6730
OG0006833											rna6754
OG0006834											rna6763
OG0006835											rna6766
OG0006836											rna6769
OG0006837											rna6774
OG0006838											rna6787
OG0006839											rna6793
OG0006840											rna6802
OG0006841											rna6806
OG0006842											rna6813
OG0006843											rna6835
OG0006844											rna6842
OG0006845											rna6848
OG0006846											rna6855
OG0006847											rna6873
OG0006848											rna6880
OG0006849											rna6882
OG0006850											rna6885
OG0006851											rna6895
OG0006852											rna6897
OG0006853											rna6911
OG0006854											rna6915
OG0006855											rna6921
OG0006856											rna3118
OG0006857											rna3129
OG0006858											rna3130
OG0006859											rna3135
OG0006860											rna3169
OG0006861											rna3176
OG0006862											rna3185
OG0006863											rna3193
OG0006864											rna3216
OG0006865											rna3218
OG0006866											rna3224
OG0006867											rna3231
OG0006868											rna3238
OG0006869											rna3248
OG0006870											rna3251
OG0006871											rna3257
OG0006872											rna3259
OG0006873											rna3273
OG0006874											rna3283
OG0006875											rna3296
OG0006876											rna3301
OG0006877											rna3303
OG0006878											rna3306
OG0006879											rna3312
OG0006880											rna3315
OG0006881											rna3320
OG0006882											rna3322
OG0006883											rna3330
OG0006884											rna3332
OG0006885											rna3341
OG0006886											rna3344
OG0006887											rna3347
OG0006888											rna3358
OG0006889											rna3363
OG0006890											rna3367
OG0006891											rna3371
OG0006892											rna3377
OG0006893											rna3378
OG0006894											rna3384
OG0006895											rna3386
OG0006896											rna3392
OG0006897											rna3394
OG0006898											rna3401
OG0006899											rna3405
OG0006900											rna3404
OG0006901											rna3415
OG0006902											rna3416
OG0006903											rna3423
OG0006904											rna3429
OG0006905											rna3435
OG0006906											rna3439
OG0006907											rna3453
OG0006908											rna3455
OG0006909											rna3460
OG0006910											rna3465
OG0006911											rna3477
OG0006912											rna3479
OG0006913											rna3488
OG0006914											rna3495
OG0006915											rna3500
OG0006916											rna3512
OG0006917											rna3530
OG0006918											rna3532
OG0006919											rna3533
OG0006920											rna3536
OG0006921											rna3539
OG0006922											rna3541
OG0006923											rna3542
OG0006924											rna3549
OG0006925											rna3551
OG0006926											rna3554
OG0006927											rna3577
OG0006928											rna3580
OG0006929											rna3581
OG0006930											rna3585
OG0006931											rna3593
OG0006932											rna3597
OG0006933											rna3601
OG0006934											rna3619
OG0006935											rna3622
OG0006936											rna3631
OG0006937											rna3633
OG0006938											rna3637
OG0006939											rna3640
OG0006940											rna3646
OG0006941											rna3650
OG0006942											rna3654
OG0006943											rna3660
OG0006944											rna3663
OG0006945											rna3665
OG0006946											rna3666
OG0006947											rna3676
OG0006948											rna3689
OG0006949											rna3693
OG0006950											rna3708
OG0006951											rna3710
OG0006952											rna3712
OG0006953											rna3720
OG0006954											rna3725
OG0006955											rna3736
OG0006956											rna3746
OG0006957											rna3749
OG0006958											rna3752
OG0006959											rna3755
OG0006960											rna3757
OG0006961											rna3765
OG0006962											rna3770
OG0006963											rna3773
OG0006964											rna3776
OG0006965											rna3780
OG0006966											rna3782
OG0006967											rna3787
OG0006968											rna3797
OG0006969											rna3799
OG0006970											rna3800
OG0006971											rna3803
OG0006972											rna3804
OG0006973											rna3805
OG0006974											rna3806
OG0006975											rna3824
OG0006976											rna3825
OG0006977											rna3827
OG0006978											rna3839
OG0006979											rna3841
OG0006980											rna3844
OG0006981											rna3852
OG0006982											rna3862
OG0006983											rna3864
OG0006984											rna3866
OG0006985											rna3891
OG0006986											rna3897
OG0006987											rna3899
OG0006988											rna3900
OG0006989											rna3909
OG0006990											rna3914
OG0006991											rna3918
OG0006992											rna3919
OG0006993											rna3926
OG0006994											rna3928
OG0006995											rna3929
OG0006996											rna3943
OG0006997											rna3944
OG0006998											rna3947
OG0006999											rna3951
OG0007000											rna3953
OG0007001											rna3959
OG0007002											rna3975
OG0007003											rna3977
OG0007004											rna3978
OG0007005											rna3985
OG0007006											rna3986
OG0007007											rna3989
OG0007008											rna4039
OG0007009											rna4040
OG0007010											rna4043
OG0007011											rna4044
OG0007012											rna4045
OG0007013											rna4046
OG0007014											rna4049
OG0007015											rna4051
OG0007016											rna4054
OG0007017											rna4059
OG0007018											rna4063
OG0007019											rna4072
OG0007020											rna4076
OG0007021											rna4078
OG0007022											rna4079
OG0007023											rna4088
OG0007024											rna4105
OG0007025											rna4116
OG0007026											rna4118
OG0007027											rna4119
OG0007028											rna4120
OG0007029											rna4128
OG0007030											rna4131
OG0007031											rna4147
OG0007032											rna4151
OG0007033											rna4155
OG0007034											rna4157
OG0007035											rna4158
OG0007036											rna4159
OG0007037											rna4160
OG0007038											rna4162
OG0007039											rna4167
OG0007040											rna4186
OG0007041											rna4189
OG0007042											rna4192
OG0007043											rna4194
OG0007044											rna4204
OG0007045											rna4205
OG0007046											rna4207
OG0007047											rna4212
OG0007048											rna4213
OG0007049											rna4217
OG0007050											rna4222
OG0007051											rna4223
OG0007052											rna4227
OG0007053											rna4233
OG0007054											rna4234
OG0007055											rna4243
OG0007056											rna4245
OG0007057											rna4250
OG0007058											rna4252
OG0007059											rna4256
OG0007060											rna4262
OG0007061											rna4263
OG0007062											rna4273
OG0007063											rna4275
OG0007064											rna4280
OG0007065											rna4281
OG0007066											rna4282
OG0007067											rna4283
OG0007068											rna4287
OG0007069											rna4290
OG0007070											rna4296
OG0007071											rna4308
OG0007072											rna4320
OG0007073											rna4328
OG0007074											rna4330
OG0007075											rna4331
OG0007076											rna4341
OG0007077											rna4350
OG0007078											rna4354
OG0007079											rna4365
OG0007080											rna4366
OG0007081											rna4367
OG0007082											rna4381
OG0007083											rna4387
OG0007084											rna4393
OG0007085											rna4394
OG0007086											rna4401
OG0007087											rna4408
OG0007088											rna4409
OG0007089											rna4412
OG0007090											rna4415
OG0007091											rna4426
OG0007092											rna4427
OG0007093											rna4428
OG0007094											rna4430
OG0007095											rna4438
OG0007096											rna4440
OG0007097											rna4442
OG0007098											rna4446
OG0007099											rna4448
OG0007100											rna4450
OG0007101											rna4453
OG0007102											rna4458
OG0007103											rna4464
OG0007104											rna4466
OG0007105											rna4468
OG0007106											rna4472
OG0007107											rna4481
OG0007108											rna4486
OG0007109											rna4503
OG0007110											rna4507
OG0007111											rna4513
OG0007112											rna4520
OG0007113											rna4522
OG0007114											rna4528
OG0007115											rna4541
OG0007116											rna4544
OG0007117											rna4550
OG0007118											rna4553
OG0007119											rna4554
OG0007120											rna4557
OG0007121											rna4558
OG0007122											rna4564
OG0007123											rna4577
OG0007124											rna4588
OG0007125											rna4589
OG0007126											rna4591
OG0007127											rna4597
OG0007128											rna4599
OG0007129											rna4608
OG0007130											rna4616
OG0007131											rna4626
OG0007132											rna4627
OG0007133											rna4650
OG0007134											rna4652
OG0007135											rna4651
OG0007136											rna4653
OG0007137											rna4658
OG0007138											rna4673
OG0007139											rna4674
OG0007140											rna4679
OG0007141											rna4682
OG0007142											rna4683
OG0007143											rna4691
OG0007144											rna4692
OG0007145											rna4695
OG0007146											rna4702
OG0007147											rna4710
OG0007148											rna4714
OG0007149											rna4715
OG0007150											rna4719
OG0007151											rna4727
OG0007152											rna4734
OG0007153											rna4739
OG0007154											rna4743
OG0007155											rna4750
OG0007156											rna4751
OG0007157											rna4761
OG0007158											rna4763
OG0007159											rna4775
OG0007160											rna4781
OG0007161											rna4782
OG0007162											rna4785
OG0007163											rna4787
OG0007164											rna4792
OG0007165											rna4801
OG0007166											rna4802
OG0007167											rna4806
OG0007168											rna4809
OG0007169											rna4811
OG0007170											rna4821
OG0007171											rna4826
OG0007172											rna4828
OG0007173											rna4829
OG0007174											rna4838
OG0007175											rna4839
OG0007176											rna4854
OG0007177											rna4866
OG0007178											rna4868
OG0007179											rna4873
OG0007180											rna4880
OG0007181											rna4889
OG0007182											rna4892
OG0007183											rna4901
OG0007184											rna4904
OG0007185											rna4915
OG0007186											rna4926
OG0007187											rna4929
OG0007188											rna4930
OG0007189											rna4933
OG0007190											rna4934
OG0007191											rna4937
OG0007192											rna4939
OG0007193											rna4943
OG0007194											rna4951
OG0007195											rna4966
OG0007196											rna4967
OG0007197											rna4969
OG0007198											rna4991
OG0007199											rna4992
OG0007200											rna4996
OG0007201											rna4997
OG0007202											rna5002
OG0007203											rna5003
OG0007204											rna5011
OG0007205											rna5014
OG0007206											rna5027
OG0007207											rna5039
OG0007208											rna5044
OG0007209											rna5053
OG0007210											rna5054
OG0007211											rna5059
OG0007212											rna5065
OG0007213											rna5067
OG0007214											rna5076
OG0007215											rna5079
OG0007216											rna5082
OG0007217											rna5099
OG0007218											rna5101
OG0007219											rna5106
OG0007220											rna5114
OG0007221											rna5126
OG0007222											rna5127
OG0007223											rna5156
OG0007224											rna5157
OG0007225											rna5158
OG0007226											rna5161
OG0007227											rna5168
OG0007228											rna5171
OG0007229											rna5172
OG0007230											rna5187
OG0007231											rna5190
OG0007232											rna5202
OG0007233											rna5206
OG0007234											rna5207
OG0007235											rna5209
OG0007236											rna5212
OG0007237											rna5218
OG0007238											rna5222
OG0007239											rna5228
OG0007240											rna5231
OG0007241											rna5235
OG0007242											rna5244
OG0007243											rna5246
OG0007244											rna5250
OG0007245											rna5254
OG0007246											rna5263
OG0007247											rna5264
OG0007248											rna5266
OG0007249											rna5269
OG0007250											rna5282
OG0007251											rna5290
OG0007252											rna5294
OG0007253											rna5301
OG0007254											rna5304
OG0007255											rna5316
OG0007256											rna5317
OG0007257											rna5318
OG0007258											rna5322
OG0007259											rna5334
OG0007260											rna5342
OG0007261											rna5355
OG0007262											rna5356
OG0007263											rna5360
OG0007264											rna5375
OG0007265											rna5377
OG0007266											rna5394
OG0007267											rna5402
OG0007268											rna5409
OG0007269											rna5410
OG0007270											rna5413
OG0007271											rna5414
OG0007272											rna5425
OG0007273											rna5427
OG0007274											rna5431
OG0007275											rna5436
OG0007276											rna5443
OG0007277											rna5453
OG0007278											rna5454
OG0007279											rna5464
OG0007280											rna5491
OG0007281											rna5492
OG0007282											rna5497
OG0007283											rna5501
OG0007284											rna5509
OG0007285											rna5512
OG0007286											rna5530
OG0007287											rna5534
OG0007288											rna5537
OG0007289											rna5547
OG0007290											rna5548
OG0007291											rna5549
OG0007292											rna5550
OG0007293											rna5563
OG0007294											rna5565
OG0007295											rna5564
OG0007296											rna5576
OG0007297											rna5583
OG0007298											rna5586
OG0007299											rna5591
OG0007300											rna5597
OG0007301											rna5606
OG0007302											rna5616
OG0007303											rna5619
OG0007304											rna5622
OG0007305											rna38
OG0007306											rna44
OG0007307											rna49
OG0007308											rna51
OG0007309											rna54
OG0007310											rna55
OG0007311											rna56
OG0007312											rna59
OG0007313											rna61
OG0007314											rna75
OG0007315											rna88
OG0007316											rna110
OG0007317											rna111
OG0007318											rna114
OG0007319											rna117
OG0007320											rna131
OG0007321											rna133
OG0007322											rna137
OG0007323											rna146
OG0007324											rna149
OG0007325											rna150
OG0007326											rna154
OG0007327											rna163
OG0007328											rna173
OG0007329											rna181
OG0007330											rna189
OG0007331											rna190
OG0007332											rna193
OG0007333											rna202
OG0007334											rna204
OG0007335											rna206
OG0007336											rna210
OG0007337											rna219
OG0007338											rna227
OG0007339											rna234
OG0007340											rna245
OG0007341											rna255
OG0007342											rna265
OG0007343											rna267
OG0007344											rna278
OG0007345											rna280
OG0007346											rna285
OG0007347											rna305
OG0007348											rna327
OG0007349											rna334
OG0007350											rna335
OG0007351											rna350
OG0007352											rna351
OG0007353											rna352
OG0007354											rna354
OG0007355											rna358
OG0007356											rna365
OG0007357											rna378
OG0007358											rna382
OG0007359											rna386
OG0007360											rna387
OG0007361											rna397
OG0007362											rna405
OG0007363											rna407
OG0007364											rna412
OG0007365											rna413
OG0007366											rna421
OG0007367											rna427
OG0007368											rna434
OG0007369											rna448
OG0007370											rna453
OG0007371											rna471
OG0007372											rna472
OG0007373											rna474
OG0007374											rna477
OG0007375											rna478
OG0007376											rna483
OG0007377											rna491
OG0007378											rna494
OG0007379											rna497
OG0007380											rna499
OG0007381											rna504
OG0007382											rna505
OG0007383											rna511
OG0007384											rna512
OG0007385											rna520
OG0007386											rna529
OG0007387											rna531
OG0007388											rna539
OG0007389											rna540
OG0007390											rna549
OG0007391											rna562
OG0007392											rna568
OG0007393											rna569
OG0007394											rna570
OG0007395											rna590
OG0007396											rna594
OG0007397											rna595
OG0007398											rna596
OG0007399											rna599
OG0007400											rna608
OG0007401											rna613
OG0007402											rna615
OG0007403											rna625
OG0007404											rna631
OG0007405											rna632
OG0007406											rna633
OG0007407											rna634
OG0007408											rna635
OG0007409											rna637
OG0007410											rna638
OG0007411											rna650
OG0007412											rna662
OG0007413											rna672
OG0007414											rna673
OG0007415											rna675
OG0007416											rna683
OG0007417											rna695
OG0007418											rna696
OG0007419											rna698
OG0007420											rna706
OG0007421											rna708
OG0007422											rna711
OG0007423											rna712
OG0007424											rna719
OG0007425											rna721
OG0007426											rna722
OG0007427											rna723
OG0007428											rna725
OG0007429											rna735
OG0007430											rna736
OG0007431											rna740
OG0007432											rna757
OG0007433											rna760
OG0007434											rna780
OG0007435											rna788
OG0007436											rna793
OG0007437											rna804
OG0007438											rna807
OG0007439											rna813
OG0007440											rna817
OG0007441											rna818
OG0007442											rna820
OG0007443											rna821
OG0007444											rna823
OG0007445											rna825
OG0007446											rna828
OG0007447											rna836
OG0007448											rna839
OG0007449											rna841
OG0007450											rna844
OG0007451											rna847
OG0007452											rna848
OG0007453											rna861
OG0007454											rna865
OG0007455											rna867
OG0007456											rna870
OG0007457											rna873
OG0007458											rna889
OG0007459											rna892
OG0007460											rna894
OG0007461											rna914
OG0007462											rna915
OG0007463											rna916
OG0007464											rna919
OG0007465											rna928
OG0007466											rna943
OG0007467											rna950
OG0007468											rna961
OG0007469											rna965
OG0007470											rna967
OG0007471											rna968
OG0007472											rna972
OG0007473											rna983
OG0007474											rna987
OG0007475											rna989
OG0007476											rna993
OG0007477											rna1002
OG0007478											rna1006
OG0007479											rna1011
OG0007480											rna1015
OG0007481											rna1018
OG0007482											rna1019
OG0007483											rna1021
OG0007484											rna1022
OG0007485											rna1025
OG0007486											rna1031
OG0007487											rna1037
OG0007488											rna1038
OG0007489											rna1044
OG0007490											rna1046
OG0007491											rna1049
OG0007492											rna1062
OG0007493											rna1071
OG0007494											rna1085
OG0007495											rna1091
OG0007496											rna1095
OG0007497											rna1104
OG0007498											rna1108
OG0007499											rna1109
OG0007500											rna1112
OG0007501											rna1117
OG0007502											rna1121
OG0007503											rna1122
OG0007504											rna1124
OG0007505											rna1131
OG0007506											rna1132
OG0007507											rna1135
OG0007508											rna1139
OG0007509											rna1140
OG0007510											rna1144
OG0007511											rna1148
OG0007512											rna1152
OG0007513											rna1159
OG0007514											rna1168
OG0007515											rna1172
OG0007516											rna1183
OG0007517											rna1187
OG0007518											rna1190
OG0007519											rna1194
OG0007520											rna1199
OG0007521											rna1201
OG0007522											rna1208
OG0007523											rna1218
OG0007524											rna1227
OG0007525											rna1235
OG0007526											rna1237
OG0007527											rna1247
OG0007528											rna1254
OG0007529											rna1265
OG0007530											rna1270
OG0007531											rna1274
OG0007532											rna1276
OG0007533											rna1277
OG0007534											rna1278
OG0007535											rna1284
OG0007536											rna1289
OG0007537											rna1290
OG0007538											rna1293
OG0007539											rna1298
OG0007540											rna1300
OG0007541											rna1304
OG0007542											rna1306
OG0007543											rna1311
OG0007544											rna1317
OG0007545											rna1323
OG0007546											rna1324
OG0007547											rna1327
OG0007548											rna1329
OG0007549											rna1331
OG0007550											rna1339
OG0007551											rna1342
OG0007552											rna1346
OG0007553											rna1350
OG0007554											rna1363
OG0007555											rna1366
OG0007556											rna1367
OG0007557											rna1379
OG0007558											rna1396
OG0007559											rna1406
OG0007560											rna1410
OG0007561											rna1411
OG0007562											rna1412
OG0007563											rna1414
OG0007564											rna1418
OG0007565											rna1425
OG0007566											rna1428
OG0007567											rna1441
OG0007568											rna1448
OG0007569											rna1458
OG0007570											rna1459
OG0007571											rna1461
OG0007572											rna1465
OG0007573											rna1466
OG0007574											rna1471
OG0007575											rna1481
OG0007576											rna1489
OG0007577											rna1500
OG0007578											rna1503
OG0007579											rna1518
OG0007580											rna1531
OG0007581											rna1541
OG0007582											rna1542
OG0007583											rna1553
OG0007584											rna1554
OG0007585											rna1556
OG0007586											rna1560
OG0007587											rna1561
OG0007588											rna1568
OG0007589											rna1574
OG0007590											rna1576
OG0007591											rna1586
OG0007592											rna1589
OG0007593											rna1594
OG0007594											rna1596
OG0007595											rna1597
OG0007596											rna1599
OG0007597											rna1602
OG0007598											rna1604
OG0007599											rna1605
OG0007600											rna1606
OG0007601											rna1609
OG0007602											rna1611
OG0007603											rna1612
OG0007604											rna1623
OG0007605											rna1628
OG0007606											rna1634
OG0007607											rna1647
OG0007608											rna1659
OG0007609											rna1668
OG0007610											rna1670
OG0007611											rna1676
OG0007612											rna1683
OG0007613											rna1691
OG0007614											rna1693
OG0007615											rna1696
OG0007616											rna1699
OG0007617											rna1703
OG0007618											rna1704
OG0007619											rna1719
OG0007620											rna1722
OG0007621											rna1725
OG0007622											rna1732
OG0007623											rna1734
OG0007624											rna1736
OG0007625											rna1737
OG0007626											rna1739
OG0007627											rna1740
OG0007628											rna1741
OG0007629											rna1753
OG0007630											rna1755
OG0007631											rna1762
OG0007632											rna1766
OG0007633											rna1777
OG0007634											rna1794
OG0007635											rna1799
OG0007636											rna1802
OG0007637											rna1809
OG0007638											rna1818
OG0007639											rna1822
OG0007640											rna1825
OG0007641											rna1827
OG0007642											rna1835
OG0007643											rna1838
OG0007644											rna1839
OG0007645											rna1840
OG0007646											rna1841
OG0007647											rna1846
OG0007648											rna1852
OG0007649											rna1855
OG0007650											rna1857
OG0007651											rna1862
OG0007652											rna1863
OG0007653											rna1880
OG0007654											rna1882
OG0007655											rna1883
OG0007656											rna1884
OG0007657											rna1885
OG0007658											rna1895
OG0007659											rna1894
OG0007660											rna1899
OG0007661											rna1908
OG0007662											rna1931
OG0007663											rna1933
OG0007664											rna1943
OG0007665											rna1953
OG0007666											rna1958
OG0007667											rna1962
OG0007668											rna1963
OG0007669											rna1969
OG0007670											rna1970
OG0007671											rna1971
OG0007672											rna1974
OG0007673											rna1985
OG0007674											rna1986
OG0007675											rna1988
OG0007676											rna1990
OG0007677											rna1996
OG0007678											rna2005
OG0007679											rna2009
OG0007680											rna2013
OG0007681											rna2017
OG0007682											rna2021
OG0007683											rna2030
OG0007684											rna2033
OG0007685											rna2035
OG0007686											rna2036
OG0007687											rna2038
OG0007688											rna2042
OG0007689											rna2048
OG0007690											rna2054
OG0007691											rna2056
OG0007692											rna2058
OG0007693											rna2059
OG0007694											rna2060
OG0007695											rna2066
OG0007696											rna2074
OG0007697											rna2079
OG0007698											rna2111
OG0007699											rna2117
OG0007700											rna2118
OG0007701											rna2124
OG0007702											rna2126
OG0007703											rna2133
OG0007704											rna2134
OG0007705											rna2136
OG0007706											rna2140
OG0007707											rna2142
OG0007708											rna2150
OG0007709											rna2153
OG0007710											rna2155
OG0007711											rna2158
OG0007712											rna2171
OG0007713											rna2179
OG0007714											rna2190
OG0007715											rna2197
OG0007716											rna2199
OG0007717											rna2204
OG0007718											rna2205
OG0007719											rna2214
OG0007720											rna2220
OG0007721											rna2224
OG0007722											rna2230
OG0007723											rna2231
OG0007724											rna2232
OG0007725											rna2235
OG0007726											rna2234
OG0007727											rna2242
OG0007728											rna2243
OG0007729											rna2244
OG0007730											rna2245
OG0007731											rna2246
OG0007732											rna2249
OG0007733											rna2257
OG0007734											rna2262
OG0007735											rna2267
OG0007736											rna2269
OG0007737											rna2270
OG0007738											rna2277
OG0007739											rna2279
OG0007740											rna2289
OG0007741											rna2302
OG0007742											rna2317
OG0007743											rna2318
OG0007744											rna2323
OG0007745											rna2334
OG0007746											rna2338
OG0007747											rna2340
OG0007748											rna2342
OG0007749											rna2344
OG0007750											rna2354
OG0007751											rna2379
OG0007752											rna2382
OG0007753											rna2385
OG0007754											rna2396
OG0007755											rna2398
OG0007756											rna2399
OG0007757											rna2405
OG0007758											rna2408
OG0007759											rna2410
OG0007760											rna2418
OG0007761											rna2425
OG0007762											rna2431
OG0007763											rna2442
OG0007764											rna2448
OG0007765											rna2454
OG0007766											rna2456
OG0007767											rna2466
OG0007768											rna2467
OG0007769											rna2468
OG0007770											rna2474
OG0007771											rna2477
OG0007772											rna2486
OG0007773											rna2490
OG0007774											rna2494
OG0007775											rna2500
OG0007776											rna2502
OG0007777											rna2509
OG0007778											rna2514
OG0007779											rna2524
OG0007780											rna2532
OG0007781											rna2546
OG0007782											rna2547
OG0007783											rna2555
OG0007784											rna2562
OG0007785											rna2566
OG0007786											rna2565
OG0007787											rna2569
OG0007788											rna2576
OG0007789											rna2580
OG0007790											rna2584
OG0007791											rna2606
OG0007792											rna2622
OG0007793											rna2623
OG0007794											rna2626
OG0007795											rna2634
OG0007796											rna2645
OG0007797											rna2648
OG0007798											rna2649
OG0007799											rna2657
OG0007800											rna2659
OG0007801											rna2660
OG0007802											rna2663
OG0007803											rna2665
OG0007804											rna2667
OG0007805											rna2668
OG0007806											rna2679
OG0007807											rna2685
OG0007808											rna2689
OG0007809											rna2691
OG0007810											rna2699
OG0007811											rna2704
OG0007812											rna2711
OG0007813											rna2714
OG0007814											rna2726
OG0007815											rna2727
OG0007816											rna2729
OG0007817											rna2730
OG0007818											rna2741
OG0007819											rna2744
OG0007820											rna2753
OG0007821											rna2757
OG0007822											rna2760
OG0007823											rna2768
OG0007824											rna2775
OG0007825											rna2777
OG0007826											rna2783
OG0007827											rna2786
OG0007828											rna2788
OG0007829											rna2789
OG0007830											rna2790
OG0007831											rna2801
OG0007832											rna2808
OG0007833											rna2817
OG0007834											rna2824
OG0007835											rna2825
OG0007836											rna2826
OG0007837											rna2831
OG0007838											rna2836
OG0007839											rna2838
OG0007840											rna2842
OG0007841											rna2844
OG0007842											rna2848
OG0007843											rna2849
OG0007844											rna2852
OG0007845											rna2853
OG0007846											rna2858
OG0007847											rna2859
OG0007848											rna2861
OG0007849											rna2872
OG0007850											rna2880
OG0007851											rna2886
OG0007852											rna2895
OG0007853											rna2899
OG0007854											rna2902
OG0007855											rna2903
OG0007856											rna2913
OG0007857											rna2915
OG0007858											rna2916
OG0007859											rna2922
OG0007860											rna2924
OG0007861											rna2928
OG0007862											rna2934
OG0007863											rna2940
OG0007864											rna2944
OG0007865											rna2945
OG0007866											rna2950
OG0007867											rna2954
OG0007868											rna2956
OG0007869											rna2966
OG0007870											rna2968
OG0007871											rna2969
OG0007872											rna2970
OG0007873											rna2973
OG0007874											rna2980
OG0007875											rna2986
OG0007876											rna2987
OG0007877											rna2998
OG0007878											rna3000
OG0007879											rna3001
OG0007880											rna3004
OG0007881											rna3020
OG0007882											rna3022
OG0007883											rna3025
OG0007884											rna3042
OG0007885											rna3051
OG0007886											rna3055
OG0007887											rna3057
OG0007888											rna3068
OG0007889											rna3070
OG0007890											rna3073
